dep,catr,homme,part_indemne,part_tue,part_blesse_hospi,part_blesse_leger
82,4,1,0.12,0.05333333333333334,0.4533333333333333,0.37333333333333335
89,3,1,0.019230769230769232,0.08653846153846154,0.5384615384615384,0.3557692307692308
50,2,1,0,0,0.42857142857142855,0.5714285714285714
1,4,1,0,0,0.75,0.25
10,3,1,0.022222222222222223,0.16666666666666666,0.5222222222222223,0.28888888888888886
66,4,1,0.03508771929824561,0.06140350877192982,0.38596491228070173,0.5175438596491229
53,9,0,0,0,1,0
17,9,1,0.17647058823529413,0.11764705882352941,0.35294117647058826,0.35294117647058826
67,9,0,0.23076923076923078,0,0.3076923076923077,0.46153846153846156
17,9,0,0,0.125,0.25,0.625
05,3,0,0,0.08333333333333333,0.5,0.4166666666666667
55,4,0,0,0.1,0.4,0.5
93,4,1,0.05483028720626632,0.0039164490861618795,0.4751958224543081,0.4660574412532637
31,4,1,0.10110803324099724,0.01662049861495845,0.19113573407202217,0.6911357340720221
28,3,1,0.03816793893129771,0.1297709923664122,0.5114503816793893,0.32061068702290074
61,3,1,0.010309278350515464,0.08247422680412371,0.6082474226804123,0.29896907216494845
77,9,0,0,0,0.6666666666666666,0.3333333333333333
01,4,1,0.03508771929824561,0.03508771929824561,0.4824561403508772,0.4473684210526316
59,6,1,0.1111111111111111,0,0.3333333333333333,0.5555555555555556
65,4,1,0.039603960396039604,0.039603960396039604,0.22772277227722773,0.693069306930693
38,4,1,0.07875894988066826,0.02386634844868735,0.3412887828162291,0.5560859188544153
85,4,1,0.07471264367816093,0.09770114942528736,0.5057471264367817,0.3218390804597701
18,4,0,0.08108108108108109,0.08108108108108109,0.35135135135135137,0.4864864864864865
53,3,1,0.043478260869565216,0.11594202898550725,0.6811594202898551,0.15942028985507245
63,4,1,0.042704626334519574,0.0035587188612099642,0.1601423487544484,0.7935943060498221
14,4,0,0.03571428571428571,0,0.5,0.4642857142857143
27,3,0,0.041666666666666664,0.041666666666666664,0.5833333333333334,0.3333333333333333
75,4,0,0.06357552581261951,0.005019120458891013,0.05783938814531549,0.873565965583174
44,3,0,0.01639344262295082,0.06557377049180328,0.6885245901639344,0.22950819672131148
37,4,0,0.06130268199233716,0.01532567049808429,0.2988505747126437,0.6245210727969349
02,4,0,0,0,0.43478260869565216,0.5652173913043478
12,4,1,0.08695652173913043,0.06521739130434782,0.5652173913043478,0.2826086956521739
16,2,1,0,0.5,0.5,0
74,3,0,0,0.09259259259259259,0.7222222222222222,0.18518518518518517
68,9,0,0,0,0.875,0.125
68,4,0,0.01818181818181818,0,0.43636363636363634,0.5454545454545454
26,2,0,0,0.3333333333333333,0.3333333333333333,0.3333333333333333
18,3,0,0.08695652173913043,0.043478260869565216,0.5652173913043478,0.30434782608695654
63,7,0,0,0,0.2,0.8
6,7,0,0,0,0,1
49,4,0,0.020361990950226245,0.00904977375565611,0.14705882352941177,0.8235294117647058
35,3,0,0.019230769230769232,0.21153846153846154,0.6153846153846154,0.15384615384615385
55,3,0,0,0.045454545454545456,0.5,0.45454545454545453
91,4,1,0.07425742574257425,0.017326732673267328,0.2004950495049505,0.7079207920792079
92,3,0,0.06153846153846154,0.019230769230769232,0.08076923076923077,0.8384615384615385
04,3,0,0,0.06666666666666667,0.4666666666666667,0.4666666666666667
18,4,1,0.05128205128205128,0.01282051282051282,0.3333333333333333,0.6025641025641025
01,3,0,0,0.11363636363636363,0.6590909090909091,0.22727272727272727
45,3,1,0.02631578947368421,0.07236842105263158,0.5197368421052632,0.3815789473684211
39,4,1,0.11904761904761904,0.07142857142857142,0.7380952380952381,0.07142857142857142
94,4,1,0.0698051948051948,0.003246753246753247,0.16233766233766234,0.7646103896103896
06,2,0,0.15384615384615385,0,0.38461538461538464,0.46153846153846156
72,4,0,0,0,0.3,0.7
93,9,1,0.11320754716981132,0.018867924528301886,0.3584905660377358,0.5094339622641509
04,9,1,0,0,0.5,0.5
27,9,1,0,0.125,0.75,0.125
26,3,1,0.020100502512562814,0.06030150753768844,0.49246231155778897,0.4271356783919598
56,4,0,0.026785714285714284,0.017857142857142856,0.30357142857142855,0.6517857142857143
90,3,0,0.03225806451612903,0.03225806451612903,0.45161290322580644,0.4838709677419355
32,4,1,0.027777777777777776,0.1111111111111111,0.3611111111111111,0.5
60,9,1,0.14285714285714285,0,0.8571428571428571,0
73,4,1,0.06329113924050633,0.0759493670886076,0.4936708860759494,0.3670886075949367
29,4,1,0.04672897196261682,0.01557632398753894,0.3987538940809969,0.5389408099688473
52,2,1,0.1111111111111111,0.1111111111111111,0.5555555555555556,0.2222222222222222
45,2,0,0,0,0,1
53,2,1,0,0.14285714285714285,0.42857142857142855,0.42857142857142855
31,2,0,0,0,0.6666666666666666,0.3333333333333333
04,3,1,0.05128205128205128,0.08974358974358974,0.5641025641025641,0.2948717948717949
49,9,1,0.1,0,0.55,0.35
54,3,1,0.022222222222222223,0.0962962962962963,0.5407407407407407,0.34074074074074073
79,3,0,0,0,0.5,0.5
75,4,1,0.16995393882130624,0.004488012282980985,0.05220266918625251,0.7733553797094602
38,7,0,0,0,0.3333333333333333,0.6666666666666666
92,5,1,0.2222222222222222,0,0.1111111111111111,0.6666666666666666
47,3,0,0.037037037037037035,0.18518518518518517,0.6666666666666666,0.1111111111111111
28,3,0,0,0,0.5,0.5
54,3,0,0,0,0.5454545454545454,0.45454545454545453
58,4,1,0.027777777777777776,0.006944444444444444,0.3125,0.6527777777777778
40,5,1,0,0,0.3333333333333333,0.6666666666666666
17,2,1,0,0,0,1
82,3,0,0.07692307692307693,0,0.6923076923076923,0.23076923076923078
13,3,0,0,0.1,0.62,0.28
79,4,1,0.07936507936507936,0.031746031746031744,0.38095238095238093,0.5079365079365079
71,9,1,0.2,0,0.4,0.4
37,3,1,0.03389830508474576,0.09322033898305085,0.576271186440678,0.2966101694915254
90,4,0,0.08695652173913043,0,0.17391304347826086,0.7391304347826086
71,3,1,0.030303030303030304,0.09848484848484848,0.553030303030303,0.3181818181818182
67,3,0,0.014084507042253521,0.056338028169014086,0.6619718309859155,0.2676056338028169
77,5,0,0.3333333333333333,0,0,0.6666666666666666
88,4,1,0.014285714285714285,0.04285714285714286,0.6142857142857143,0.32857142857142857
95,2,1,0,0.16666666666666666,0.16666666666666666,0.6666666666666666
40,3,0,0,0.03125,0.65625,0.3125
17,3,1,0.0611353711790393,0.1091703056768559,0.5851528384279476,0.2445414847161572
21,2,1,0.16666666666666666,0,0.3333333333333333,0.5
67,3,1,0.01858736059479554,0.08178438661710037,0.6059479553903345,0.2936802973977695
68,2,0,0,0,0.5,0.5
73,4,0,0.06451612903225806,0.03225806451612903,0.5483870967741935,0.3548387096774194
35,3,1,0.015810276679841896,0.1067193675889328,0.6403162055335968,0.23715415019762845
42,9,0,0,0,0.18181818181818182,0.8181818181818182
33,3,0,0.013888888888888888,0.06944444444444445,0.5833333333333334,0.3333333333333333
30,9,1,0,0,0.6666666666666666,0.3333333333333333
06,6,1,0,0,1,0
85,4,0,0.02247191011235955,0.02247191011235955,0.6179775280898876,0.33707865168539325
25,2,0,0,0,0.6666666666666666,0.3333333333333333
70,3,1,0.03333333333333333,0.1,0.5888888888888889,0.2777777777777778
71,4,1,0.031746031746031744,0.0873015873015873,0.49206349206349204,0.3888888888888889
03,4,1,0.09859154929577464,0.056338028169014086,0.4084507042253521,0.43661971830985913
87,4,1,0.04864864864864865,0.016216216216216217,0.22702702702702704,0.7081081081081081
56,9,1,0.04602510460251046,0.008368200836820083,0.08786610878661087,0.8577405857740585
39,3,0,0,0.11764705882352941,0.7058823529411765,0.17647058823529413
78,3,0,0.018867924528301886,0.018867924528301886,0.4339622641509434,0.5283018867924528
38,2,0,0,0.2,0.3,0.5
45,4,1,0.061068702290076333,0.022900763358778626,0.2480916030534351,0.6679389312977099
05,3,1,0.023809523809523808,0.05952380952380952,0.5952380952380952,0.32142857142857145
9,3,1,0,0,0.8571428571428571,0.14285714285714285
02,4,1,0.031914893617021274,0.05319148936170213,0.5638297872340425,0.35106382978723405
03,3,1,0.019801980198019802,0.09900990099009901,0.5841584158415841,0.297029702970297
59,3,0,0,0.06542056074766354,0.48598130841121495,0.4485981308411215
16,4,1,0.08333333333333333,0.027777777777777776,0.5833333333333334,0.3055555555555556
82,3,1,0.015873015873015872,0.23809523809523808,0.5873015873015873,0.15873015873015872
14,4,1,0.07303370786516854,0.02247191011235955,0.43820224719101125,0.46629213483146065
65,3,1,0.04838709677419355,0.06451612903225806,0.5483870967741935,0.3387096774193548
52,4,1,0.11475409836065574,0.03278688524590164,0.32786885245901637,0.5245901639344263
11,3,1,0.04132231404958678,0.1322314049586777,0.5702479338842975,0.256198347107438
36,2,1,0,0.25,0.5,0.25
13,4,1,0.06818181818181818,0.010101010101010102,0.28914141414141414,0.6325757575757576
59,3,1,0.02823529411764706,0.09647058823529411,0.5694117647058824,0.3058823529411765
88,2,1,0,0.3333333333333333,0.3333333333333333,0.3333333333333333
33,3,1,0.02631578947368421,0.09398496240601503,0.6616541353383458,0.21804511278195488
70,3,0,0,0.09523809523809523,0.7619047619047619,0.14285714285714285
50,3,0,0.01639344262295082,0.08196721311475409,0.36065573770491804,0.5409836065573771
86,3,1,0.03636363636363636,0.13636363636363635,0.4909090909090909,0.33636363636363636
12,3,0,0.08333333333333333,0.08333333333333333,0.6666666666666666,0.16666666666666666
27,2,1,0,0.2222222222222222,0.5555555555555556,0.2222222222222222
76,5,1,0,0.125,0.375,0.5
78,2,0,0,0,0.42857142857142855,0.5714285714285714
86,2,0,0,0,0,1
95,4,1,0.053125,0.009375,0.25,0.6875
30,3,1,0.03773584905660377,0.07075471698113207,0.5990566037735849,0.29245283018867924
30,2,1,0,0.05128205128205128,0.48717948717948717,0.46153846153846156
38,1,1,0,0.25,0.25,0.5
13,4,0,0.024691358024691357,0,0.2345679012345679,0.7407407407407407
07,3,1,0.05737704918032787,0.1721311475409836,0.6229508196721312,0.14754098360655737
54,7,1,0,0,0,1
42,4,1,0.04892966360856269,0.012232415902140673,0.3577981651376147,0.581039755351682
29,9,0,0.13333333333333333,0,0.2,0.6666666666666666
93,9,0,0,0,0.5384615384615384,0.46153846153846156
04,2,1,0,0,0.8571428571428571,0.14285714285714285
89,3,0,0.10526315789473684,0.15789473684210525,0.42105263157894735,0.3157894736842105
52,4,0,0,0,0.391304347826087,0.6086956521739131
21,4,0,0.011764705882352941,0.011764705882352941,0.24705882352941178,0.7294117647058823
78,1,1,0,0,0.3333333333333333,0.6666666666666666
75,3,1,0.07142857142857142,0,0.07142857142857142,0.8571428571428571
08,4,1,0.06060606060606061,0.12121212121212122,0.6666666666666666,0.15151515151515152
80,4,1,0.08307692307692308,0.027692307692307693,0.12615384615384614,0.7630769230769231
60,3,0,0.07692307692307693,0.038461538461538464,0.46153846153846156,0.4230769230769231
45,3,0,0,0.02631578947368421,0.5263157894736842,0.4473684210526316
34,6,0,0,0,0.6666666666666666,0.3333333333333333
73,3,1,0.02336448598130841,0.08878504672897196,0.6869158878504673,0.20093457943925233
4,3,1,0,0,0.2222222222222222,0.7777777777777778
62,3,0,0.03278688524590164,0.06557377049180328,0.5901639344262295,0.3114754098360656
62,2,1,0,0.07142857142857142,0.6428571428571429,0.2857142857142857
57,9,1,0.09090909090909091,0,0.45454545454545453,0.45454545454545453
15,3,0,0,0.1,0.8,0.1
66,3,0,0,0.09090909090909091,0.7272727272727273,0.18181818181818182
34,3,0,0.0392156862745098,0,0.5294117647058824,0.43137254901960786
75,5,1,0,0,0.3333333333333333,0.6666666666666666
24,4,0,0.1,0.1,0.3,0.5
76,6,1,0,0,0.375,0.625
43,9,1,0.4,0,0.4,0.2
58,3,0,0,0.06666666666666667,0.8666666666666667,0.06666666666666667
09,3,1,0,0.09433962264150944,0.6981132075471698,0.20754716981132076
45,2,1,0,0.1875,0.1875,0.625
34,9,0,0,0,0.09090909090909091,0.9090909090909091
29,9,1,0.058823529411764705,0,0.1323529411764706,0.8088235294117647
46,4,1,0.07142857142857142,0.07142857142857142,0.42857142857142855,0.42857142857142855
33,5,1,0,0,0.2857142857142857,0.7142857142857143
10,2,1,0.09090909090909091,0.09090909090909091,0.7272727272727273,0.09090909090909091
35,2,0,0,0,0.3333333333333333,0.6666666666666666
74,3,1,0.04590163934426229,0.09180327868852459,0.6196721311475409,0.24262295081967214
95,3,0,0.023809523809523808,0.07142857142857142,0.35714285714285715,0.5476190476190477
72,3,0,0,0.041666666666666664,0.6666666666666666,0.2916666666666667
69,9,1,0.27906976744186046,0.023255813953488372,0.37209302325581395,0.32558139534883723
29,3,0,0.02040816326530612,0.061224489795918366,0.6326530612244898,0.2857142857142857
77,4,1,0.03587443946188341,0.03587443946188341,0.5560538116591929,0.3721973094170404
15,4,1,0.0625,0.0625,0.5625,0.3125
81,4,1,0.04081632653061224,0.14285714285714285,0.5510204081632653,0.2653061224489796
1,3,1,0,0,0.4444444444444444,0.5555555555555556
30,3,0,0,0.075,0.55,0.375
56,3,1,0.008771929824561403,0.12280701754385964,0.5701754385964912,0.2982456140350877
41,3,0,0.030303030303030304,0.18181818181818182,0.45454545454545453,0.3333333333333333
32,2,0,0,0,1,0
77,3,1,0.02181818181818182,0.12363636363636364,0.5527272727272727,0.3018181818181818
43,3,0,0,0,0.7272727272727273,0.2727272727272727
89,9,1,0,0,0.75,0.25
64,2,0,0.045454545454545456,0.045454545454545456,0.22727272727272727,0.6818181818181818
01,3,1,0.01834862385321101,0.13302752293577982,0.5458715596330275,0.30275229357798167
76,4,0,0.014705882352941176,0.029411764705882353,0.19117647058823528,0.7647058823529411
34,2,1,0.11538461538461539,0.07692307692307693,0.5384615384615384,0.2692307692307692
53,4,0,0,0,0.6,0.4
59,2,0,0,0,0.8571428571428571,0.14285714285714285
18,6,1,0.5,0,0,0.5
64,9,0,0,0,0.25,0.75
53,4,1,0.03389830508474576,0.11864406779661017,0.5254237288135594,0.3220338983050847
72,9,0,0.025,0,0.325,0.65
33,6,1,0,0.14285714285714285,0,0.8571428571428571
72,3,1,0.014598540145985401,0.08759124087591241,0.6204379562043796,0.2773722627737226
76,2,1,0,0,0.5238095238095238,0.47619047619047616
19,4,0,0.03333333333333333,0,0.3,0.6666666666666666
80,3,0,0,0.038461538461538464,0.5384615384615384,0.4230769230769231
57,3,0,0,0,0.5,0.5
40,4,0,0.038461538461538464,0,0.8461538461538461,0.11538461538461539
92,2,1,0.03773584905660377,0.018867924528301886,0.1320754716981132,0.8113207547169812
15,3,1,0.11475409836065574,0.11475409836065574,0.5737704918032787,0.19672131147540983
33,4,1,0.08877086494688922,0.015174506828528073,0.23672230652503792,0.6593323216995448
22,4,1,0.06880733944954129,0.06880733944954129,0.42201834862385323,0.44036697247706424
44,9,1,0.038461538461538464,0.038461538461538464,0.5384615384615384,0.38461538461538464
13,7,1,0,0.08333333333333333,0.25,0.6666666666666666
1,4,0,0,0,0.5,0.5
10,3,0,0,0.08695652173913043,0.6521739130434783,0.2608695652173913
31,7,1,0,0.25,0.5,0.25
83,4,0,0.031746031746031744,0.015873015873015872,0.5714285714285714,0.38095238095238093
24,4,1,0.019230769230769232,0.07692307692307693,0.6153846153846154,0.28846153846153844
67,9,1,0.32653061224489793,0.04081632653061224,0.22448979591836735,0.40816326530612246
69,4,0,0.057755775577557754,0.0033003300330033004,0.20132013201320131,0.7376237623762376
78,2,1,0,0.1875,0.25,0.5625
02,3,0,0.06666666666666667,0.06666666666666667,0.6,0.26666666666666666
78,9,0,0.25,0,0.25,0.5
2,3,1,0.1111111111111111,0.3333333333333333,0.3333333333333333,0.2222222222222222
43,3,1,0.11864406779661017,0.13559322033898305,0.6779661016949152,0.06779661016949153
89,2,0,0,0,0.5,0.5
69,3,0,0.02,0.02,0.6,0.36
47,4,0,0.03571428571428571,0,0.7142857142857143,0.25
65,4,0,0.017241379310344827,0,0.25862068965517243,0.7241379310344828
07,2,1,0.08333333333333333,0,0.5833333333333334,0.3333333333333333
49,3,0,0.047619047619047616,0.14285714285714285,0.5,0.30952380952380953
59,4,0,0.011764705882352941,0.009411764705882352,0.3952941176470588,0.5835294117647059
87,4,0,0,0,0.08333333333333333,0.9166666666666666
34,7,1,0.16666666666666666,0.16666666666666666,0.6666666666666666,0
69,7,0,0,0,0,1
91,3,1,0.01824817518248175,0.05474452554744526,0.33211678832116787,0.5948905109489051
84,4,1,0.046511627906976744,0.046511627906976744,0.46511627906976744,0.4418604651162791
90,3,1,0.05,0.0875,0.3125,0.55
19,3,1,0.03225806451612903,0.12903225806451613,0.5967741935483871,0.24193548387096775
11,4,0,0.05,0,0.125,0.825
47,3,1,0.0546875,0.1328125,0.546875,0.265625
74,4,1,0.08411214953271028,0.02336448598130841,0.48598130841121495,0.40654205607476634
07,4,1,0.05,0.075,0.625,0.25
28,2,1,0,0.2,0.6,0.2
95,4,0,0.041666666666666664,0.013888888888888888,0.20833333333333334,0.7361111111111112
22,2,1,0,0,0.6666666666666666,0.3333333333333333
31,3,0,0.046153846153846156,0.046153846153846156,0.49230769230769234,0.4153846153846154
40,4,1,0.05357142857142857,0.07142857142857142,0.6785714285714286,0.19642857142857142
29,4,0,0.029411764705882353,0.014705882352941176,0.3382352941176471,0.6176470588235294
34,4,1,0.07736943907156674,0.013539651837524178,0.29980657640232106,0.6092843326885881
57,4,0,0.038461538461538464,0,0.40384615384615385,0.5576923076923077
93,3,1,0.06198347107438017,0.004132231404958678,0.49586776859504134,0.4380165289256198
27,3,1,0.02666666666666667,0.11333333333333333,0.5866666666666667,0.2733333333333333
55,9,1,0.14285714285714285,0,0.8571428571428571,0
69,9,0,0.1111111111111111,0,0.2222222222222222,0.6666666666666666
94,3,1,0.08899297423887588,0.0117096018735363,0.14285714285714285,0.7564402810304449
54,9,0,0,0,0.5,0.5
4,4,1,0,0,0.3333333333333333,0.6666666666666666
01,9,1,0,0.1,0.5,0.4
07,3,0,0.041666666666666664,0.08333333333333333,0.5416666666666666,0.3333333333333333
26,3,0,0.02040816326530612,0.08163265306122448,0.5102040816326531,0.3877551020408163
85,3,0,0,0.11538461538461539,0.6923076923076923,0.19230769230769232
28,4,1,0.0380952380952381,0.02857142857142857,0.3142857142857143,0.6190476190476191
31,2,1,0,0.11764705882352941,0.5294117647058824,0.35294117647058826
38,3,0,0.020202020202020204,0.12121212121212122,0.45454545454545453,0.40404040404040403
25,4,0,0.08,0.013333333333333334,0.29333333333333333,0.6133333333333333
85,9,0,0,0,0.4,0.6
17,3,0,0.01282051282051282,0.14102564102564102,0.5512820512820513,0.2948717948717949
13,2,1,0.020833333333333332,0.041666666666666664,0.3958333333333333,0.5416666666666666
54,9,1,0,0.125,0.375,0.5
60,6,1,0.3333333333333333,0,0.3333333333333333,0.3333333333333333
47,2,1,0,0.09090909090909091,0.5454545454545454,0.36363636363636365
11,7,1,0,0,1,0
94,9,1,0.20512820512820512,0,0.2564102564102564,0.5384615384615384
35,4,1,0.06868131868131869,0.017857142857142856,0.2087912087912088,0.7046703296703297
32,4,0,0,0.16666666666666666,0.3333333333333333,0.5
59,2,1,0,0.06451612903225806,0.4838709677419355,0.45161290322580644
81,3,0,0.06666666666666667,0.13333333333333333,0.4666666666666667,0.3333333333333333
51,3,1,0.05405405405405406,0.23423423423423423,0.5225225225225225,0.1891891891891892
51,3,0,0.034482758620689655,0.27586206896551724,0.4482758620689655,0.2413793103448276
86,3,0,0.03225806451612903,0.0967741935483871,0.4838709677419355,0.3870967741935484
73,3,0,0.025,0.075,0.675,0.225
87,3,1,0.033707865168539325,0.0898876404494382,0.5393258426966292,0.33707865168539325
55,4,1,0.08571428571428572,0,0.4857142857142857,0.42857142857142855
91,9,1,0.23809523809523808,0.047619047619047616,0.3333333333333333,0.38095238095238093
26,4,1,0.044642857142857144,0.044642857142857144,0.3482142857142857,0.5625
28,4,0,0,0,0.38461538461538464,0.6153846153846154
27,4,1,0.041666666666666664,0.008333333333333333,0.35833333333333334,0.5916666666666667
17,6,1,0,0,0.2857142857142857,0.7142857142857143
43,2,0,0,0,0,1
14,3,1,0.046875,0.09375,0.4921875,0.3671875
11,4,1,0.046357615894039736,0.019867549668874173,0.271523178807947,0.6622516556291391
88,3,1,0.04285714285714286,0.06428571428571428,0.6785714285714286,0.21428571428571427
37,3,0,0.04,0.08,0.68,0.2
37,9,0,0,0,0.5517241379310345,0.4482758620689655
95,9,0,0.25,0.5,0,0.25
33,2,1,0,0,0.5714285714285714,0.42857142857142855
90,5,0,0,0,0,1
34,6,1,0,0.3333333333333333,0.6666666666666666,0
63,7,1,0.043478260869565216,0.13043478260869565,0.17391304347826086,0.6521739130434783
56,3,0,0.025,0.1,0.55,0.325
09,3,0,0,0,0.75,0.25
12,3,1,0.012345679012345678,0.08641975308641975,0.6666666666666666,0.2345679012345679
76,9,1,0,0.2857142857142857,0.5714285714285714,0.14285714285714285
94,4,0,0.015384615384615385,0.005128205128205128,0.16923076923076924,0.8102564102564103
44,4,1,0.05366492146596859,0.015706806282722512,0.39267015706806285,0.5379581151832461
68,3,0,0.02586206896551724,0.04310344827586207,0.47413793103448276,0.45689655172413796
78,3,1,0.04075235109717868,0.047021943573667714,0.4952978056426332,0.4169278996865204
15,2,1,0,0.2222222222222222,0.6666666666666666,0.1111111111111111
02,3,1,0,0.11926605504587157,0.5871559633027523,0.29357798165137616
80,5,1,0,0,1,0
06,2,1,0.07352941176470588,0.014705882352941176,0.36764705882352944,0.5441176470588235
64,3,1,0.06191950464396285,0.04643962848297214,0.43653250773993807,0.4551083591331269
72,4,1,0.037383177570093455,0.028037383177570093,0.42990654205607476,0.5046728971962616
78,5,1,0,0,0.5,0.5
41,4,1,0.044642857142857144,0.03571428571428571,0.26785714285714285,0.6517857142857143
42,3,1,0.03857566765578635,0.06824925816023739,0.4807121661721068,0.4124629080118694
77,3,0,0,0.09090909090909091,0.6136363636363636,0.29545454545454547
75,2,1,0,0,0.1111111111111111,0.8888888888888888
62,4,0,0.006896551724137931,0.034482758620689655,0.5241379310344828,0.43448275862068964
75,2,0,0,0,0.3333333333333333,0.6666666666666666
78,4,1,0.05053191489361702,0.018617021276595744,0.3776595744680851,0.5531914893617021
33,4,0,0.030555555555555555,0.013888888888888888,0.23194444444444445,0.7236111111111111
94,3,0,0.03759398496240601,0,0.15037593984962405,0.8120300751879699
03,2,1,0,0,0.5,0.5
59,5,1,0,0.125,0.5,0.375
34,3,1,0.021739130434782608,0.11231884057971014,0.6268115942028986,0.2391304347826087
06,4,0,0.03550295857988166,0.023668639053254437,0.1834319526627219,0.757396449704142
42,9,1,0.07142857142857142,0,0.5,0.42857142857142855
13,1,1,0.1,0.2,0.3,0.4
55,3,1,0.05263157894736842,0.12280701754385964,0.45614035087719296,0.3684210526315789
65,2,1,0.02564102564102564,0.02564102564102564,0.48717948717948717,0.46153846153846156
04,4,1,0,0.08,0.72,0.2
10,4,0,0,0.018867924528301886,0.37735849056603776,0.6037735849056604
68,4,1,0.07526881720430108,0.02867383512544803,0.4910394265232975,0.4050179211469534
93,2,1,0.03676470588235294,0.007352941176470588,0.4411764705882353,0.5147058823529411
62,9,1,0,0.08333333333333333,0.5833333333333334,0.3333333333333333
35,4,0,0.027700831024930747,0.0110803324099723,0.1634349030470914,0.7977839335180056
81,4,0,0.07692307692307693,0.15384615384615385,0.5384615384615384,0.23076923076923078
18,3,1,0.010752688172043012,0.10752688172043011,0.6236559139784946,0.25806451612903225
83,2,1,0.09523809523809523,0.09523809523809523,0.5714285714285714,0.23809523809523808
79,4,0,0.04,0,0.6,0.36
95,5,1,0,0,0,1
60,4,0,0,0.034482758620689655,0.6206896551724138,0.3448275862068966
51,4,0,0.024390243902439025,0,0.3902439024390244,0.5853658536585366
64,4,1,0.054474708171206226,0.013618677042801557,0.20428015564202334,0.7276264591439688
01,4,0,0,0,0.4117647058823529,0.5882352941176471
92,9,0,0.047619047619047616,0,0.14285714285714285,0.8095238095238095
06,9,1,0.38095238095238093,0.047619047619047616,0.19047619047619047,0.38095238095238093
77,4,0,0,0.025,0.525,0.45
31,4,0,0.050505050505050504,0.010101010101010102,0.16498316498316498,0.7744107744107744
95,3,1,0.018867924528301886,0.045283018867924525,0.32075471698113206,0.6150943396226415
01,2,1,0,0.125,0.3125,0.5625
32,3,1,0.046153846153846156,0.12307692307692308,0.5692307692307692,0.26153846153846155
63,3,1,0.023923444976076555,0.06220095693779904,0.5167464114832536,0.39712918660287083
84,3,1,0.022321428571428572,0.125,0.6785714285714286,0.17410714285714285
80,2,1,0.08333333333333333,0.08333333333333333,0.5,0.3333333333333333
59,9,1,0.13333333333333333,0.03333333333333333,0.3,0.5333333333333333
30,6,1,0,0,0.5,0.5
73,9,1,0.25,0,0.25,0.5
5,2,0,0,0,0,1
76,4,1,0.06309148264984227,0.01892744479495268,0.3785488958990536,0.5394321766561514
09,4,1,0,0.10344827586206896,0.6896551724137931,0.20689655172413793
42,3,0,0.04081632653061224,0.04081632653061224,0.3673469387755102,0.5510204081632653
84,2,1,0,0.08695652173913043,0.17391304347826086,0.7391304347826086
94,2,0,0,0.02857142857142857,0.2571428571428571,0.7142857142857143
62,6,0,0,0,1,0
41,4,0,0,0.05714285714285714,0.42857142857142855,0.5142857142857142
37,9,1,0.058823529411764705,0,0.5294117647058824,0.4117647058823529
61,4,0,0,0.125,0.75,0.125
56,9,0,0.021052631578947368,0,0.05263157894736842,0.9263157894736842
71,4,0,0.03571428571428571,0.10714285714285714,0.5357142857142857,0.32142857142857145
33,2,0,0,0,0,1
45,4,0,0.01652892561983471,0.01652892561983471,0.24793388429752067,0.71900826446281
54,4,1,0.06570841889117043,0.01026694045174538,0.15605749486652978,0.7679671457905544
08,3,1,0.01639344262295082,0.04918032786885246,0.7377049180327869,0.19672131147540983
58,4,0,0.027777777777777776,0,0.2222222222222222,0.75
92,4,1,0.11464088397790055,0.006906077348066298,0.10220994475138122,0.7762430939226519
50,4,1,0.08379888268156424,0,0.31843575418994413,0.5977653631284916
03,9,1,0,0,1,0
06,3,0,0.0392156862745098,0.0784313725490196,0.3333333333333333,0.5490196078431373
65,3,0,0,0.11627906976744186,0.4418604651162791,0.4418604651162791
36,4,0,0.022727272727272728,0,0.22727272727272727,0.75
5,3,0,0.5,0,0,0.5
6,3,1,0.1,0,0.6,0.3
17,4,0,0.026881720430107527,0.002688172043010753,0.21774193548387097,0.7526881720430108
34,9,1,0.1388888888888889,0.027777777777777776,0.4444444444444444,0.3888888888888889
39,3,1,0.013888888888888888,0.09722222222222222,0.7777777777777778,0.1111111111111111
06,5,0,0,0,1,0
29,3,1,0.021645021645021644,0.0735930735930736,0.5887445887445888,0.31601731601731603
31,3,1,0.032679738562091505,0.0784313725490196,0.5915032679738562,0.2973856209150327
67,6,0,0,0,0.5714285714285714,0.42857142857142855
83,1,1,0,0,0,1
17,4,1,0.06514657980456026,0.016286644951140065,0.2247557003257329,0.6938110749185668
35,2,1,0,0.05263157894736842,0.631578947368421,0.3157894736842105
60,3,1,0.010362694300518135,0.11917098445595854,0.533678756476684,0.33678756476683935
23,3,1,0,0.13043478260869565,0.6521739130434783,0.21739130434782608
10,4,1,0.0673076923076923,0.038461538461538464,0.40384615384615385,0.49038461538461536
06,4,1,0.11031518624641834,0.01862464183381089,0.2349570200573066,0.6361031518624641
24,9,1,0,0,1,0
80,4,0,0.03773584905660377,0,0.11320754716981132,0.8490566037735849
81,2,1,0,0.4166666666666667,0.4166666666666667,0.16666666666666666
42,4,0,0.039473684210526314,0.02631578947368421,0.34210526315789475,0.5921052631578947
81,3,1,0.02531645569620253,0.0759493670886076,0.6582278481012658,0.24050632911392406
42,2,1,0,0,0.7777777777777778,0.2222222222222222
94,2,1,0.05303030303030303,0,0.12878787878787878,0.8181818181818182
79,3,1,0.043478260869565216,0.15217391304347827,0.5652173913043478,0.2391304347826087
05,2,1,0.03125,0.03125,0.5,0.4375
06,9,0,0.25,0,0,0.75
5,3,1,0,0.08333333333333333,0.4166666666666667,0.5
06,7,1,0,0.09523809523809523,0.6190476190476191,0.2857142857142857
44,3,1,0.045454545454545456,0.13636363636363635,0.5863636363636363,0.2318181818181818
19,2,1,0,0,0.6666666666666666,0.3333333333333333
61,3,0,0,0.125,0.625,0.25
26,4,0,0.046153846153846156,0.03076923076923077,0.3230769230769231,0.6
91,7,1,0,0,0,1
25,4,1,0.056768558951965066,0.013100436681222707,0.37117903930131,0.5589519650655022
41,3,1,0.03333333333333333,0.1,0.5666666666666667,0.3
69,7,1,0,0,0.21428571428571427,0.7857142857142857
49,3,1,0.02717391304347826,0.10869565217391304,0.5869565217391305,0.27717391304347827
83,3,1,0.04619565217391304,0.09239130434782608,0.6222826086956522,0.2391304347826087
38,9,1,0.10526315789473684,0.15789473684210525,0.3157894736842105,0.42105263157894735
90,4,1,0.11403508771929824,0.017543859649122806,0.13157894736842105,0.7368421052631579
57,4,1,0.04419889502762431,0.011049723756906077,0.3370165745856354,0.6077348066298343
63,3,0,0,0.16666666666666666,0.3333333333333333,0.5
93,1,1,0.5,0,0.25,0.25
67,4,0,0.03556187766714083,0.011379800853485065,0.14082503556187767,0.8122332859174964
78,4,0,0.016260162601626018,0.008130081300813009,0.2926829268292683,0.6829268292682927
22,4,0,0.03076923076923077,0.03076923076923077,0.3076923076923077,0.6307692307692307
69,2,1,0,0,0.3,0.7
54,2,1,0,0.2,0.7,0.1
43,4,1,0.06451612903225806,0,0.7096774193548387,0.22580645161290322
06,3,1,0.029850746268656716,0.050746268656716415,0.5462686567164179,0.373134328358209
64,3,0,0,0.07547169811320754,0.4339622641509434,0.49056603773584906
37,4,1,0.0962962962962963,0.012962962962962963,0.3537037037037037,0.5370370370370371
76,3,1,0.038910505836575876,0.10505836575875487,0.5252918287937743,0.33073929961089493
68,9,1,0.25,0,0.5,0.25
92,9,1,0.23404255319148937,0,0.0851063829787234,0.6808510638297872
25,3,0,0.03571428571428571,0.07142857142857142,0.6428571428571429,0.25
65,9,0,0.3333333333333333,0,0,0.6666666666666666
45,9,1,0,0.16666666666666666,0.16666666666666666,0.6666666666666666
54,4,0,0.0410958904109589,0,0.15753424657534246,0.8013698630136986
03,4,0,0,0.02857142857142857,0.42857142857142855,0.5428571428571428
91,2,1,0,0.0425531914893617,0.3404255319148936,0.6170212765957447
88,3,0,0,0.02857142857142857,0.7428571428571429,0.22857142857142856
44,4,0,0.02318840579710145,0.028985507246376812,0.3710144927536232,0.5768115942028985
13,3,1,0.03189066059225513,0.06605922551252848,0.45785876993166286,0.44419134396355353
23,4,1,0,0.1,0.5,0.4
66,4,0,0,0.06451612903225806,0.22580645161290322,0.7096774193548387
33,9,1,0.045454545454545456,0.13636363636363635,0.5909090909090909,0.22727272727272727
65,2,0,0,0,0.3,0.7
38,2,1,0,0.25,0.3333333333333333,0.4166666666666667
61,4,1,0.0851063829787234,0,0.6595744680851063,0.2553191489361702
16,3,0,0.07692307692307693,0.15384615384615385,0.46153846153846156,0.3076923076923077
85,3,1,0.028708133971291867,0.0861244019138756,0.631578947368421,0.2535885167464115
01,2,0,0,0,1,0
48,4,1,0,0,0.5454545454545454,0.45454545454545453
44,9,0,0.09090909090909091,0.09090909090909091,0.45454545454545453,0.36363636363636365
42,6,1,0,0,0,1
21,4,1,0.06167400881057269,0.004405286343612335,0.30837004405286345,0.6255506607929515
91,4,0,0.02912621359223301,0,0.18446601941747573,0.7864077669902912
83,4,1,0.05555555555555555,0.024305555555555556,0.5104166666666666,0.4097222222222222
72,9,1,0.08823529411764706,0.029411764705882353,0.2647058823529412,0.6176470588235294
40,3,1,0.09174311926605505,0.11926605504587157,0.5963302752293578,0.1926605504587156
36,3,0,0.10526315789473684,0.10526315789473684,0.5263157894736842,0.2631578947368421
84,9,1,0,0.4,0.6,0
66,3,1,0,0.11827956989247312,0.6451612903225806,0.23655913978494625
38,4,0,0.05517241379310345,0.027586206896551724,0.2620689655172414,0.6551724137931034
92,3,1,0.08022130013831259,0.005532503457814661,0.11341632088520055,0.8008298755186722
92,2,0,0,0,0.1111111111111111,0.8888888888888888
16,3,1,0.025,0.175,0.6,0.2
59,7,1,0,0,0.3333333333333333,0.6666666666666666
26,6,1,0,0,0,1
33,9,0,0.1,0,0.8,0.1
30,4,0,0.05,0.03333333333333333,0.4,0.5166666666666667
59,9,0,0,0,0.6,0.4
07,6,1,1,0,0,0
59,4,1,0.040763226366001735,0.023417172593235037,0.4327840416305291,0.5030355594102341
52,3,1,0.20689655172413793,0.09195402298850575,0.42528735632183906,0.27586206896551724
78,6,1,0.3333333333333333,0.16666666666666666,0.16666666666666666,0.3333333333333333
50,3,1,0.0319634703196347,0.0958904109589041,0.5159817351598174,0.3561643835616438
53,3,0,0,0.11764705882352941,0.8823529411764706,0
76,3,0,0,0.02702702702702703,0.5675675675675675,0.40540540540540543
25,6,1,0,0,0,1
26,2,1,0.024390243902439025,0.07317073170731707,0.5365853658536586,0.36585365853658536
49,6,1,0,0,0,1
93,3,0,0.0392156862745098,0,0.45098039215686275,0.5098039215686274
35,7,0,0,1,0,0
08,4,0,0,0,1,0
77,9,1,0.09090909090909091,0.045454545454545456,0.6363636363636364,0.22727272727272727
84,4,0,0.02,0.04,0.3,0.64
87,2,1,0,0.125,0.1875,0.6875
68,3,1,0.03836930455635491,0.04316546762589928,0.5011990407673861,0.4172661870503597
75,9,1,0.22950819672131148,0,0.04918032786885246,0.7213114754098361
08,3,0,0,0.23529411764705882,0.5294117647058824,0.23529411764705882
88,5,1,0,0,0.75,0.25
86,4,0,0.02127659574468085,0.02127659574468085,0.2127659574468085,0.7446808510638298
03,3,0,0,0.047619047619047616,0.6666666666666666,0.2857142857142857
35,9,1,0.06666666666666667,0,0.7333333333333333,0.2
24,3,1,0.03296703296703297,0.10989010989010989,0.6373626373626373,0.21978021978021978
36,4,1,0.044444444444444446,0,0.2518518518518518,0.7037037037037037
01,6,1,0,0,0.75,0.25
36,3,1,0.024691358024691357,0.12345679012345678,0.4691358024691358,0.38271604938271603
93,2,0,0.06896551724137931,0.034482758620689655,0.4482758620689655,0.4482758620689655
70,4,1,0,0.09090909090909091,0.48484848484848486,0.42424242424242425
22,3,0,0,0.05660377358490566,0.5849056603773585,0.3584905660377358
48,3,1,0.09375,0.09375,0.46875,0.34375
60,4,1,0.016666666666666666,0.041666666666666664,0.48333333333333334,0.4583333333333333
17,2,0,0,0,0.3333333333333333,0.6666666666666666
01,9,0,0,0,0.3333333333333333,0.6666666666666666
86,4,1,0.06,0,0.32,0.62
21,3,0,0,0.03571428571428571,0.6785714285714286,0.2857142857142857
77,6,1,0,0,0.6666666666666666,0.3333333333333333
44,6,1,0,0,0,1
12,4,0,0,0.16666666666666666,0.6666666666666666,0.16666666666666666
56,4,1,0.05555555555555555,0.027777777777777776,0.2777777777777778,0.6388888888888888
15,9,1,0.3333333333333333,0,0.6666666666666666,0
50,9,1,0.26666666666666666,0,0.4,0.3333333333333333
90,9,1,0.2222222222222222,0.1111111111111111,0.1111111111111111,0.5555555555555556
3,3,1,0.1111111111111111,0,0.4444444444444444,0.4444444444444444
30,4,1,0.049586776859504134,0.012396694214876033,0.34297520661157027,0.5950413223140496
89,4,0,0.07142857142857142,0,0.2857142857142857,0.6428571428571429
57,3,1,0.03137254901960784,0.09019607843137255,0.4745098039215686,0.403921568627451
67,4,1,0.11052166224580018,0.01237842617152962,0.15561450044208666,0.7214854111405835
70,2,1,0,0.125,0.375,0.5
19,4,1,0.03488372093023256,0.011627906976744186,0.3023255813953488,0.6511627906976745
46,3,1,0.09090909090909091,0.14545454545454545,0.5818181818181818,0.18181818181818182
83,9,1,0.09090909090909091,0.045454545454545456,0.45454545454545453,0.4090909090909091
89,4,1,0,0.017857142857142856,0.4642857142857143,0.5178571428571429
35,9,0,0,0,0.6,0.4
28,9,1,0,0,0.3333333333333333,0.6666666666666666
32,2,1,0,0.125,0.5833333333333334,0.2916666666666667
67,6,1,0.16666666666666666,0,0.16666666666666666,0.6666666666666666
63,4,0,0.04838709677419355,0.03225806451612903,0.14516129032258066,0.7741935483870968
62,3,1,0.01824817518248175,0.06569343065693431,0.6058394160583942,0.3102189781021898
74,4,0,0.05063291139240506,0.0379746835443038,0.5569620253164557,0.35443037974683544
55,2,1,0.16666666666666666,0,0.16666666666666666,0.6666666666666666
58,3,1,0.07142857142857142,0.125,0.5892857142857143,0.21428571428571427
8,4,1,0,0,1,0
69,4,1,0.10435339308578745,0.010243277848911651,0.2471190781049936,0.6382842509603073
91,3,0,0.02631578947368421,0.07894736842105263,0.23684210526315788,0.6578947368421053
06,5,1,0.2,0,0,0.8
92,4,0,0.045283018867924525,0,0.12075471698113208,0.8339622641509434
47,4,1,0.0625,0.015625,0.546875,0.375
64,2,1,0,0.03225806451612903,0.22580645161290322,0.7419354838709677
66,2,1,0,0.125,0.625,0.25
27,9,0,0,0.25,0.75,0
93,6,1,0.14285714285714285,0,0.42857142857142855,0.42857142857142855
40,2,1,0,0.125,0.625,0.25
38,3,1,0.02745995423340961,0.09153318077803203,0.5720823798627003,0.30892448512585813
27,4,0,0.05263157894736842,0.05263157894736842,0.39473684210526316,0.5
75,9,0,0.12,0,0.04,0.84
16,4,0,0.1,0.2,0.6,0.1
49,4,1,0.06091370558375635,0.007614213197969543,0.16878172588832488,0.7626903553299492
80,3,1,0.030534351145038167,0.11450381679389313,0.5267175572519084,0.3282442748091603
50,4,0,0,0,0.358974358974359,0.6410256410256411
05,4,1,0.1111111111111111,0,0.4166666666666667,0.4722222222222222
83,2,0,0.2,0.2,0.2,0.4
14,3,0,0.0425531914893617,0.0425531914893617,0.48936170212765956,0.425531914893617
71,3,0,0.07692307692307693,0.11538461538461539,0.6153846153846154,0.19230769230769232
21,9,1,0.5,0,0.5,0
25,3,1,0.016,0.096,0.616,0.272
30,2,0,0,0,0.5714285714285714,0.42857142857142855
22,3,1,0.03862660944206009,0.1072961373390558,0.5536480686695279,0.30042918454935624
84,3,0,0,0.13793103448275862,0.6551724137931034,0.20689655172413793
22,6,1,0.1,0.1,0.3,0.5
85,9,1,0.3076923076923077,0,0.6923076923076923,0
62,4,1,0.0423728813559322,0.02824858757062147,0.4915254237288136,0.4378531073446328
34,4,0,0.01775147928994083,0.023668639053254437,0.3136094674556213,0.6449704142011834
83,3,0,0.030303030303030304,0.045454545454545456,0.6515151515151515,0.2727272727272727
21,3,1,0.01680672268907563,0.09243697478991597,0.5966386554621849,0.29411764705882354
51,4,1,0.09042553191489362,0.026595744680851064,0.3776595744680851,0.5053191489361702
37,2,0,0,0,0.8,0.2
93,4,0,0.03932584269662921,0.02247191011235955,0.43820224719101125,0.5
38,5,1,0,0.3333333333333333,0,0.6666666666666666
82,4,0,0,0,0.4827586206896552,0.5172413793103449
05,4,0,0,0,0.42857142857142855,0.5714285714285714
57,2,1,0.043478260869565216,0.043478260869565216,0.2608695652173913,0.6521739130434783
68,5,1,0.6666666666666666,0,0.3333333333333333,0
64,4,0,0.00909090909090909,0.013636363636363636,0.24545454545454545,0.7318181818181818
6,4,1,0.07142857142857142,0.07142857142857142,0.14285714285714285,0.7142857142857143
69,3,1,0.016778523489932886,0.06711409395973154,0.5671140939597316,0.348993288590604
67,7,1,0.18181818181818182,0.09090909090909091,0.5454545454545454,0.18181818181818182
49,5,0,0,0,0.5,0.5
94,5,1,0,0.2,0.2,0.6
25,9,1,0,0.14285714285714285,0.5714285714285714,0.2857142857142857
35,7,1,0,0,0.6666666666666666,0.3333333333333333
13,9,1,0.19047619047619047,0,0.3333333333333333,0.47619047619047616
64,9,1,0,0,0.4,0.6
22,9,1,0,0,1,0
49,9,0,0,0,1,0
07,4,0,0.058823529411764705,0.23529411764705882,0.29411764705882354,0.4117647058823529
57,1,1,0,0,0,1
57,5,1,0,0,0,1
67,2,0,0,0,0.4,0.6
13,9,0,0.4,0,0.4,0.2
70,9,0,0,0,1,0
74,2,1,0,0,0.8571428571428571,0.14285714285714285
05,2,0,0,0,0.42857142857142855,0.5714285714285714
93,5,1,0.25,0,0.5,0.25
61,2,1,0,0.25,0.5,0.25
37,5,0,0,0,1,0
14,5,0,0,0,0,1
51,9,0,0,0,1,0
62,9,0,0,0,0,1
87,3,0,0,0.1111111111111111,0.2222222222222222,0.6666666666666666
43,4,0,0,0,1,0
80,9,0,0,0,0.3333333333333333,0.6666666666666666
37,7,1,0,0,1,0
46,4,0,0,0,0.5,0.5
25,2,1,0.25,0,0.5,0.25
43,6,1,0,0,1,0
13,5,1,0,0,0.2,0.8
94,1,0,0,0,0,1
29,2,1,0,0,0.3333333333333333,0.6666666666666666
25,6,0,0,0,1,0
69,6,0,0.3333333333333333,0,0.3333333333333333,0.3333333333333333
31,6,1,0,0.3333333333333333,0,0.6666666666666666
88,9,1,0.2857142857142857,0,0.42857142857142855,0.2857142857142857
23,4,0,0,0,0.3333333333333333,0.6666666666666666
91,6,1,0.25,0,0.25,0.5
46,3,0,0.1111111111111111,0.1111111111111111,0.5555555555555556,0.2222222222222222
48,2,1,0,0.25,0.5,0.25
90,6,1,0.14285714285714285,0,0.42857142857142855,0.42857142857142855
90,2,1,0,0,0.5,0.5
25,5,1,0,0,0.6666666666666666,0.3333333333333333
39,5,1,0,0,0,1
09,4,0,0,0.3333333333333333,0,0.6666666666666666
37,2,1,0,0.2857142857142857,0.5714285714285714,0.14285714285714285
41,9,1,0.16666666666666666,0,0.5,0.3333333333333333
44,5,1,0.25,0,0.25,0.5
44,7,0,0,0,0,1
74,2,0,0,0,0.75,0.25
38,9,0,0,0.1111111111111111,0.4444444444444444,0.4444444444444444
6,3,0,0.5,0,0.5,0
89,9,0,0,0,1,0
11,3,0,0,0.06666666666666667,0.7333333333333333,0.2
39,4,0,0,0,1,0
58,6,1,0,0,1,0
71,2,1,0,0.07692307692307693,0.5384615384615384,0.38461538461538464
44,7,1,0.047619047619047616,0,0.6190476190476191,0.3333333333333333
70,4,0,0,0,0.375,0.625
47,9,0,0,0,0.5,0.5
04,4,0,0,0,0.6666666666666666,0.3333333333333333
91,2,0,0.1111111111111111,0,0.2222222222222222,0.6666666666666666
11,6,0,0,0,0,1
57,2,0,0,0,0.25,0.75
82,2,0,0,0,0.5,0.5
54,6,1,0,0,0.25,0.75
85,2,1,0,0,1,0
60,2,0,0,0.3333333333333333,0.6666666666666666,0
07,9,1,0,0.125,0.625,0.25
18,9,1,0,0.3333333333333333,0.3333333333333333,0.3333333333333333
24,9,0,0.5,0,0.5,0
68,2,1,0,0.0625,0.6875,0.25
9,4,1,0.3333333333333333,0.6666666666666666,0,0
74,9,0,0,0,0.75,0.25
49,5,1,0.3333333333333333,0,0.3333333333333333,0.3333333333333333
13,6,1,0,0,0.16666666666666666,0.8333333333333334
09,6,1,0,0,1,0
43,2,1,0,0,0.5714285714285714,0.42857142857142855
65,9,1,0.25,0,0.75,0
84,2,0,0.16666666666666666,0,0.3333333333333333,0.5
63,6,1,0,0,0.5,0.5
13,2,0,0,0,0.5,0.5
31,9,1,0.2857142857142857,0.14285714285714285,0.42857142857142855,0.14285714285714285
64,1,1,0,0,1,0
28,7,1,0,0,0,1
24,3,0,0,0.16666666666666666,0.6111111111111112,0.2222222222222222
11,9,0,0,0,0.5,0.5
40,9,1,0.1111111111111111,0,0.6666666666666666,0.2222222222222222
6,7,1,0,0.3333333333333333,0.5,0.16666666666666666
73,2,1,0,0.2,0.8,0
10,5,1,1,0,0,0
14,6,1,0,0,0.5,0.5
6,4,0,0,0,1,0
51,2,1,0,0,0.6666666666666666,0.3333333333333333
18,2,1,0,0.2222222222222222,0.3333333333333333,0.4444444444444444
45,6,1,0,0,0,1
69,6,1,0,0,0.2,0.8
75,6,0,0,0,0,1
52,3,0,0,0.06666666666666667,0.6666666666666666,0.26666666666666666
70,9,1,0.3333333333333333,0,0.6666666666666666,0
87,6,1,0.25,0,0.25,0.5
62,2,0,0,0,0.6666666666666666,0.3333333333333333
14,9,1,0.23076923076923078,0.07692307692307693,0.38461538461538464,0.3076923076923077
89,2,1,0,0,0.6666666666666666,0.3333333333333333
7,3,1,0,0,0.8,0.2
80,9,1,0.25,0,0.5833333333333334,0.16666666666666666
51,9,1,0,0,0.6,0.4
60,2,1,0,0,0.8333333333333334,0.16666666666666666
38,7,1,0,0,0.5,0.5
48,3,0,0,0.25,0.75,0
86,9,1,0,0,0.6,0.4
29,6,1,0,0,0.5,0.5
74,6,0,0,0,1,0
5,2,1,0.14285714285714285,0,0.2857142857142857,0.5714285714285714
17,5,0,0.3333333333333333,0.3333333333333333,0.3333333333333333,0
94,6,1,0.2,0.1,0.1,0.6
50,2,0,0,0,0.25,0.75
77,2,1,0.14285714285714285,0,0.5714285714285714,0.2857142857142857
41,9,0,0,0,0,1
21,6,1,0,0,0.5,0.5
47,2,0,0,0,0.3333333333333333,0.6666666666666666
49,6,0,0,0,0,1
71,9,0,0,0,0.5,0.5
63,9,0,0,0,1,0
12,6,1,0,0,1,0
39,2,1,0,0.4,0.6,0
69,2,0,0,0,0.5,0.5
33,6,0,0,0,0,1
80,2,0,0,0,0,1
88,4,0,0,0.16666666666666666,0.3333333333333333,0.5
52,2,0,0,0.5,0,0.5
61,2,0,0,0,0,1
85,6,1,0,0,0,1
49,2,1,0,0,0.2,0.8
69,1,1,0.75,0,0.25,0
59,6,0,0,0,0.5,0.5
19,3,0,0.25,0,0.25,0.5
50,9,0,0,0,0,1
12,2,1,0,0,0.5,0.5
94,9,0,0.14285714285714285,0,0.14285714285714285,0.7142857142857143
31,9,0,0,0,0,1
82,9,1,0,0,0.5,0.5
64,5,1,0.25,0.25,0.25,0.25
29,7,1,0,0,0,1
02,5,1,0,0,0.5,0.5
11,6,1,0,0,0,1
91,9,0,0.5,0,0.5,0
03,2,0,0,0,0.3333333333333333,0.6666666666666666
42,7,1,0,0,0.2857142857142857,0.7142857142857143
40,6,0,0,0,1,0
83,7,1,0,0,0,1
3,4,1,0,0,1,0
90,9,0,0.4,0,0,0.6
62,6,1,0.3333333333333333,0,0.3333333333333333,0.3333333333333333
03,6,1,0,0,0,1
5,4,1,0,0,0.6666666666666666,0.3333333333333333
88,9,0,0,0,0.5,0.5
72,5,1,0,0,1,0
77,2,0,0,0,0,1
69,5,1,0.16666666666666666,0.3333333333333333,0,0.5
76,9,0,0,0,0.75,0.25
41,5,1,0,0,1,0
77,6,0,0,0,0.5,0.5
56,2,1,0,0.2,0.8,0
3,4,0,0,0,1,0
18,9,0,0,0,0,1
50,6,1,0,0,0.3333333333333333,0.6666666666666666
24,2,1,0,0.16666666666666666,0.5,0.3333333333333333
44,2,1,0,0,0.42857142857142855,0.5714285714285714
73,2,0,0,0,0.6666666666666666,0.3333333333333333
56,6,1,0,0,0,1
02,2,1,0,0,0.8,0.2
37,6,0,0,0.3333333333333333,0,0.6666666666666666
51,1,1,0,0,0,1
08,2,1,0,0.2,0,0.8
32,3,0,0.09090909090909091,0.09090909090909091,0.45454545454545453,0.36363636363636365
71,2,0,0,0,1,0
63,9,1,0,0,0.3333333333333333,0.6666666666666666
71,5,1,0,0,0,1
09,2,1,0,0,1,0
33,1,0,0.5,0,0,0.5
83,6,1,0,0,0.5,0.5
74,9,1,0.09090909090909091,0,0.7272727272727273,0.18181818181818182
73,6,1,0,0,0.6666666666666666,0.3333333333333333
74,6,1,0,0,1,0
76,2,0,0,0,0,1
38,6,0,0.5,0,0,0.5
53,6,0,0,0,1,0
47,6,1,0,0,1,0
75,5,0,0,0,1,0
93,6,0,0,0,0.5,0.5
65,5,1,0,0,0,1
82,2,1,0.25,0,0.5,0.25
34,2,0,0,0.5,0.5,0
60,9,0,0,0,0,1
87,9,0,0,0,0,1
6,9,1,0,0,0,1
11,5,1,0,0,0,1
50,5,1,1,0,0,0
63,2,1,0.16666666666666666,0,0.5,0.3333333333333333
92,1,1,0.2,0,0,0.8
18,2,0,0,0,1,0
67,2,1,0,0,0.5,0.5
76,6,0,0,0,0,1
28,2,0,0,0,1,0
95,9,1,0.42857142857142855,0,0.14285714285714285,0.42857142857142855
07,5,1,0,0,1,0
31,6,0,0,0,0,1
73,5,0,0,0,0,1
33,1,1,0,0,0.4,0.6
2,2,0,0,0,1,0
24,5,0,0,0,0,1
40,5,0,0,0,1,0
73,5,1,0.5,0,0.5,0
35,6,0,0,0,0,1
53,9,1,0.2,0.2,0.4,0.2
75,3,0,0,0,0,1
21,2,0,0,0,0.14285714285714285,0.8571428571428571
78,9,1,0.5,0,0,0.5
02,9,1,0.3333333333333333,0.3333333333333333,0,0.3333333333333333
11,2,1,0,0,0.3333333333333333,0.6666666666666666
35,6,1,0,0.5,0.5,0
48,9,1,0,0,1,0
92,1,0,0,0,0,1
70,2,0,0,0,1,0
90,6,0,0,0,0,1
69,5,0,0,0,0.3333333333333333,0.6666666666666666
81,9,1,0,0,0.8333333333333334,0.16666666666666666
13,1,0,0,0,0,1
14,2,0,0,0,0,1
83,6,0,0,0,1,0
60,1,1,0,0,1,0
75,1,1,0,0,0,1
79,9,1,0,0,1,0
17,6,0,0,0,1,0
57,6,0,0,0,0,1
1,3,0,0,0,0.6666666666666666,0.3333333333333333
67,5,1,0.25,0,0.5,0.25
80,5,0,0,0,0,1
37,6,1,1,0,0,0
47,9,1,0,0,0.3333333333333333,0.6666666666666666
26,9,1,0,0,0.75,0.25
21,7,1,0,1,0,0
92,6,1,0.5,0,0.5,0
58,2,1,0,1,0,0
59,1,0,0.5,0,0.5,0
95,1,1,0,0.3333333333333333,0,0.6666666666666666
29,5,1,0,0,1,0
56,6,0,0,0,0,1
79,6,1,0,0,1,0
25,9,0,0,0,0.5,0.5
60,6,0,0,0,0,1
7,4,0,0,0,0,1
81,6,1,0,0,1,0
02,9,0,0,0,1,0
32,5,0,0,0,0,1
53,2,0,0,0.3333333333333333,0.6666666666666666,0
61,9,1,0.25,0.25,0.25,0.25
68,6,1,0,0,0.2,0.8
04,2,0,0,0,1,0
14,9,0,0,0,0.3333333333333333,0.6666666666666666
42,6,0,0,0,0,1
39,9,1,0,0,1,0
41,2,0,0,0,0,1
58,6,0,0,0,1,0
27,6,1,0.5,0,0.5,0
38,6,1,0,0,0,1
28,6,1,0,0,0,1
58,9,1,0.3333333333333333,0,0.3333333333333333,0.3333333333333333
08,9,1,0,0,1,0
46,9,1,0.5,0,0.5,0
63,5,1,0,0,0,1
27,2,0,0,0,1,0
05,6,1,0,0,0,1
72,7,1,0,0,0,1
91,6,0,0,0,0.5,0.5
72,2,1,0,0,0.5,0.5
10,6,1,0.5,0,0,0.5
24,5,1,0,0,0,1
36,9,0,0,0,0.6666666666666666,0.3333333333333333
11,9,1,0,0,0.6666666666666666,0.3333333333333333
10,9,1,0.5,0,0,0.5
13,6,0,0,0,1,0
59,7,0,0,0,0,1
49,2,0,1,0,0,0
14,2,1,0,0.25,0,0.75
80,6,1,0,0,0.5,0.5
53,6,1,1,0,0,0
83,5,1,0,0,0.75,0.25
29,6,0,0,0,0,1
62,7,1,0,0,1,0
73,9,0,0,0,1,0
95,6,1,0,0,0.5,0.5
10,2,0,0.5,0,0.5,0
86,6,0,0,0,0,1
50,6,0,0,0,0,1
90,5,1,0,0,0,1
26,9,0,0,0,0,1
48,4,0,0,0,0,1
83,9,0,0,0,0,1
67,7,0,0,0,1,0
31,1,1,0,0,0,1
21,9,0,0.5,0,0.5,0
34,5,1,0,0,0,1
55,9,0,0,0,1,0
07,2,0,0,0,0,1
41,2,1,0,0,0.3333333333333333,0.6666666666666666
54,7,0,0,0,0.3333333333333333,0.6666666666666666
19,6,1,0,0,1,0
44,2,0,0,0,0,1
23,3,0,0,0,0.5,0.5
42,7,0,0,0,0,1
78,6,0,0,0,0,1
77,1,1,0,0.3333333333333333,0,0.6666666666666666
87,2,0,0,0,1,0
31,1,0,0,0,1,0
38,5,0,0,0,0.6666666666666666,0.3333333333333333
54,6,0,0,0,0,1
66,9,1,0,0,1,0
40,6,1,0,0,0,1
02,2,0,0,0,0,1
44,6,0,0,0,0.25,0.75
2,3,0,0,0.5,0,0.5
87,5,0,0,0,0,1
17,5,1,0,0,1,0
41,6,0,0,0,1,0
3,6,1,0,0,0,1
66,2,0,0,0,1,0
24,2,0,0,0,0,1
57,9,0,0,0,0,1
15,4,0,0,0,0,1
14,6,0,0,0,0,1
40,2,0,0,1,0,0
32,6,1,0,0,1,0
56,5,1,0,0,0,1
89,6,0,0,0,0,1
52,9,1,0,0,1,0
03,5,0,0,0,0,1
8,3,1,0,0,1,0
90,2,0,0,0,0,1
86,6,1,1,0,0,0
59,5,0,0,0,1,0
16,9,1,0,0,1,0
08,9,0,0,0,1,0
94,1,1,0,0,0,1
19,2,0,0,1,0,0
46,9,0,0,0,1,0
37,7,0,0,0,0,1
66,6,1,0,0,1,0
60,5,1,0,0,0,1
85,6,0,0,0,0.5,0.5
79,6,0,0,0,0,1
51,6,0,0,0,1,0
92,5,0,0,0,0,1
86,5,1,0,0,1,0
52,6,1,0,0,1,0
29,5,0,0,0,1,0
42,1,1,0,0,1,0
45,7,1,0,0,0,1
7,3,0,0,0,1,0
78,5,0,0,0,1,0
88,2,0,0,1,0,0
10,6,0,0,0,0,1
58,9,0,0,0,0,1
19,5,1,0,0,0,1
15,2,0,0,0,1,0
57,6,1,0,0,0,1
42,5,1,0,0,1,0
43,5,0,0,0,1,0
45,6,0,0,0,0.5,0.5
28,9,0,0,0,0,1
58,2,0,1,0,0,0
39,2,0,0,0,1,0
54,5,1,0,0,1,0
03,5,1,1,0,0,0
3,2,1,0,0,0,1
44,5,0,0,0,1,0
26,1,1,0,0,0,1
85,5,1,0,0,1,0
64,6,1,0,0,0,1
84,9,0,0,0,1,0
94,6,0,1,0,0,0
01,1,1,0,0,1,0
36,6,1,0,0,0,1
86,2,1,0,0,0.3333333333333333,0.6666666666666666
72,7,0,0,0,0,1
26,6,0,0,0,0,1
2,4,1,0,0,1,0
